{"objNames":["new_room"],"objPositions":[{"x":2.1253082752227785,"y":-1.3107179403305054,"z":0.5914748907089233}],"objRotations":[{"x":0.0,"y":0.9989789724349976,"z":0.0,"w":-0.0451790988445282}],"objScales":[{"x":1.0000035762786866,"y":1.0,"z":1.0000035762786866}]}