{"cameraMode":{"drawMode":0,"name":"Shaded","section":"Shading Mode"},"sceneLighting":true,"audioPlay":false,"sceneViewState":{"showFog":true,"showMaterialUpdate":false,"showSkybox":true,"showFlares":true,"showImageEffects":true,"showParticleSystems":true},"in2DMode":false,"pivot":{"x":2.9776721000671388,"y":-7.682202339172363,"z":19.257400512695314},"rotation":{"x":-0.19965197145938874,"y":-0.05376666411757469,"z":0.01097198761999607,"w":-0.9783325791358948},"size":23.393726348876954,"orthographic":false}